rank,word,lemma,occurrences_ppm
1,que,que,39430.08614976805
2,no,no,31477.799867461894
3,yo,yo,28164.347249834325
4,me,me,26507.62094102054
5,yeh,yeh,20377.733598409544
6,te,te,20046.388336646785
7,y,y,19383.697813121275
8,la,la,18555.334658714382
9,ey,ey,17561.29887342611
10,a,a,16567.26308813784
11,eh,eh,16235.917826375082
12,tú,tú,16235.917826375082
13,en,en,15904.572564612325
14,de,de,15241.882041086812
15,lo,lo,13253.81047051027
16,el,el,10934.393638170975
17,se,se,9940.357852882704
18,soy,soy,9940.357852882704
19,qué,qué,7455.268389662027
20,un,un,7455.268389662027
21,ti,ti,6958.250497017893
22,fuego,fuego,6958.250497017893
23,es,es,6958.250497017893
24,pa',pa',6958.250497017893
25,ya,ya,6792.577866136514
26,oh,oh,6792.577866136514
27,como,como,6626.905235255135
28,yeah,yeah,6461.232604373758
29,si,si,6295.559973492379
30,pero,pero,5798.542080848244
31,sé,sé,5798.542080848244
32,los,los,5798.542080848244
33,siempre,siempre,5632.869449966865
34,bien,bien,5467.196819085488
35,por,por,5467.196819085488
36,quién,quién,5467.196819085488
37,nada,nada,5467.196819085488
38,con,con,5301.524188204109
39,las,las,5301.524188204109
40,fire,fire,5135.85155732273
41,cuando,cuando,5135.85155732273
42,otra,otra,4638.833664678596
43,noche,noche,4473.161033797217
44,tu,tu,4307.488402915838
45,mía,mía,4307.488402915838
46,ni,ni,4307.488402915838
47,wouh,wouh,4141.81577203446
48,tengo,tengo,4141.81577203446
49,mi,mi,3976.143141153081
50,to',to',3976.143141153081
51,hoy,hoy,3976.143141153081
52,ser,ser,3810.470510271703
53,uh,uh,3810.470510271703
54,eres,eres,3810.470510271703
55,mí,mí,3644.797879390325
56,sin,sin,3479.1252485089467
57,joda,joda,3313.4526176275676
58,voy,voy,3313.4526176275676
59,le,le,3147.7799867461895
60,caro,caro,2982.107355864811
61,baby,baby,2816.4347249834327
62,ah,ah,2816.4347249834327
63,prr,prr,2816.4347249834327
64,del,del,2816.4347249834327
65,quise,quise,2816.4347249834327
66,más,más,2816.4347249834327
67,hice,hice,2650.7620941020546
68,antes,antes,2650.7620941020546
69,caliente,caliente,2650.7620941020546
70,ardiente,ardiente,2650.7620941020546
71,va,va,2650.7620941020546
72,ahora,ahora,2485.089463220676
73,dime,dime,2485.089463220676
74,ere',ere',2485.089463220676
75,o,o,2485.089463220676
76,bichote,bichote,2485.089463220676
77,una,una,2319.416832339298
78,wuh,wuh,2319.416832339298
79,hasta,hasta,2153.744201457919
80,hablar,hablar,1988.0715705765406
81,hacía,hacía,1988.0715705765406
82,e',e',1988.0715705765406
83,bebé,bebé,1988.0715705765406
84,eso,eso,1988.0715705765406
85,hola,hola,1988.0715705765406
86,pase,pase,1988.0715705765406
87,estoy,estoy,1822.3989396951624
88,sol,sol,1822.3989396951624
89,decías,decías,1822.3989396951624
90,quieren,quieren,1822.3989396951624
91,misma,misma,1656.7263088137838
92,contigo,contigo,1656.7263088137838
93,mal,mal,1656.7263088137838
94,quiero,quiero,1656.7263088137838
95,sabe',sabe',1656.7263088137838
96,nunca,nunca,1656.7263088137838
97,tenemos,tenemos,1656.7263088137838
98,nadie,nadie,1656.7263088137838
99,debajo,debajo,1656.7263088137838
100,yah,yah,1656.7263088137838
101,feliz,feliz,1656.7263088137838
102,están,están,1656.7263088137838
103,he,he,1491.0536779324054
104,porque,porque,1491.0536779324054
105,calle,calle,1491.0536779324054
106,miami,miami,1491.0536779324054
107,tus,tus,1491.0536779324054
108,dile,dile,1491.0536779324054
109,pa'l,pa'l,1491.0536779324054
110,'tamos,'tamos,1491.0536779324054
111,decir,decir,1325.3810470510273
112,estamos,estamos,1325.3810470510273
113,tuyo,tuyo,1325.3810470510273
114,quieres,quieres,1325.3810470510273
115,dios,dios,1325.3810470510273
116,vuelvas,vuelvas,1325.3810470510273
117,perriabas,perriabas,1325.3810470510273
118,olvidó,olvidó,1325.3810470510273
119,dicen,dicen,1325.3810470510273
120,está,está,1325.3810470510273
121,lento,lento,1325.3810470510273
122,ca,ca,1325.3810470510273
123,fumar,fumar,1325.3810470510273
124,pensar,pensar,1325.3810470510273
125,sólo,sólo,1325.3810470510273
126,hago,hago,1325.3810470510273
127,flow,flow,1159.708416169649
128,dinero,dinero,1159.708416169649
129,solamente,solamente,1159.708416169649
130,hay,hay,1159.708416169649
131,todo,todo,1159.708416169649
132,desde,desde,1159.708416169649
133,the,the,1159.708416169649
134,aquí,aquí,1159.708416169649
135,son,son,1159.708416169649
136,hookah,hookah,1159.708416169649
137,meto,meto,1159.708416169649
138,amar,amar,1159.708416169649
139,mismo,mismo,1159.708416169649
140,aunque,aunque,1159.708416169649
141,llegan,llegan,994.0357852882703
142,todos,todos,994.0357852882703
143,mierda,mierda,994.0357852882703
144,millas,millas,994.0357852882703
145,cheque',cheque',994.0357852882703
146,veo,veo,994.0357852882703
147,na',na',994.0357852882703
148,levanté,levanté,994.0357852882703
149,odio,odio,994.0357852882703
150,be,be,994.0357852882703
151,así,así,994.0357852882703
152,lo',lo',994.0357852882703
153,you,you,994.0357852882703
154,cien,cien,994.0357852882703
155,hablando,hablando,994.0357852882703
156,ven,ven,994.0357852882703
157,bunny,bunny,994.0357852882703
158,vida,vida,994.0357852882703
159,pásame,pásame,994.0357852882703
160,'e,'e,994.0357852882703
161,va',va',994.0357852882703
162,dejo,dejo,994.0357852882703
163,mami,mami,994.0357852882703
164,party,party,994.0357852882703
165,abajo,abajo,994.0357852882703
166,tampoco,tampoco,994.0357852882703
167,quité,quité,994.0357852882703
168,llamar,llamar,994.0357852882703
169,juntos,juntos,828.3631544068919
170,fui,fui,828.3631544068919
171,estos,estos,828.3631544068919
172,métele,métele,828.3631544068919
173,mensajes,mensajes,828.3631544068919
174,ha,ha,828.3631544068919
175,who,who,828.3631544068919
176,huh,huh,828.3631544068919
177,sido,sido,828.3631544068919
178,esquina,esquina,828.3631544068919
179,hagas,hagas,828.3631544068919
180,postea'os,postea'os,828.3631544068919
181,para,para,828.3631544068919
182,muévete,muévete,828.3631544068919
183,metías,metías,828.3631544068919
184,jetski,jetski,828.3631544068919
185,bad,bad,828.3631544068919
186,pasado,pasado,828.3631544068919
187,vo'a,vo'a,828.3631544068919
188,digo,digo,828.3631544068919
189,mejor,mejor,828.3631544068919
190,bota,bota,828.3631544068919
191,pregunto,pregunto,828.3631544068919
192,marquesina,marquesina,828.3631544068919
193,cómo,cómo,828.3631544068919
194,claro,claro,828.3631544068919
195,perreo,perreo,828.3631544068919
196,ayer,ayer,828.3631544068919
197,'tá,'tá,662.6905235255136
198,raro,raro,662.6905235255136
199,dices,dices,662.6905235255136
200,la',la',662.6905235255136
201,daño,daño,662.6905235255136
202,diplo,diplo,662.6905235255136
203,hacer,hacer,662.6905235255136
204,mío',mío',662.6905235255136
205,al,al,662.6905235255136
206,juro,juro,662.6905235255136
207,billetes,billetes,662.6905235255136
208,quedo,quedo,662.6905235255136
209,papi,papi,662.6905235255136
210,normal,normal,662.6905235255136
211,bichotes,bichotes,662.6905235255136
212,demagogos,demagogos,662.6905235255136
213,amiga,amiga,662.6905235255136
214,somos,somos,662.6905235255136
215,jeje,jeje,662.6905235255136
216,carajo,carajo,662.6905235255136
217,poquito,poquito,662.6905235255136
218,mientras,mientras,662.6905235255136
219,aún,aún,662.6905235255136
220,sobran,sobran,662.6905235255136
221,importa,importa,662.6905235255136
222,siento,siento,662.6905235255136
223,igual,igual,662.6905235255136
224,fue,fue,662.6905235255136
225,tenía,tenía,662.6905235255136
226,donde,donde,662.6905235255136
227,volver,volver,662.6905235255136
228,hubiera,hubiera,662.6905235255136
229,ahí,ahí,662.6905235255136
230,estuviésemos,estuviésemos,662.6905235255136
231,esta,esta,662.6905235255136
232,acordé,acordé,662.6905235255136
233,enamorados,enamorados,662.6905235255136
234,mundo,mundo,662.6905235255136
235,saben,saben,662.6905235255136
236,probar,probar,662.6905235255136
237,después,después,662.6905235255136
238,puede,puede,662.6905235255136
239,doy,doy,662.6905235255136
240,miran,miran,497.01789264413515
241,polo,polo,497.01789264413515
242,i,i,497.01789264413515
243,know,know,497.01789264413515
244,norte,norte,497.01789264413515
245,dijo,dijo,497.01789264413515
246,coro,coro,497.01789264413515
247,tss,tss,497.01789264413515
248,marí'o,marí'o,497.01789264413515
249,llevar,llevar,497.01789264413515
250,ustede',ustede',497.01789264413515
251,frío,frío,497.01789264413515
252,nobody,nobody,497.01789264413515
253,nah,nah,497.01789264413515
254,madre,madre,497.01789264413515
255,like,like,497.01789264413515
256,andan,andan,497.01789264413515
257,cada,cada,497.01789264413515
258,llego,llego,497.01789264413515
259,mujere',mujere',497.01789264413515
260,puñeta,puñeta,497.01789264413515
261,muevete,muevete,497.01789264413515
262,loco,loco,497.01789264413515
263,comparo,comparo,497.01789264413515
264,ja,ja,497.01789264413515
265,mira,mira,497.01789264413515
266,haciendo,haciendo,497.01789264413515
267,todavía,todavía,497.01789264413515
268,prendí'o,prendí'o,497.01789264413515
269,ella,ella,497.01789264413515
270,pío,pío,497.01789264413515
271,brr,brr,497.01789264413515
272,quiera,quiera,497.01789264413515
273,gente,gente,497.01789264413515
274,primera,primera,497.01789264413515
275,to'as,to'as,497.01789264413515
276,escalera,escalera,497.01789264413515
277,bum,bum,497.01789264413515
278,acabe,acabe,497.01789264413515
279,entera,entera,497.01789264413515
280,pongo,pongo,497.01789264413515
281,pu,pu,497.01789264413515
282,tenis,tenis,497.01789264413515
283,tiene,tiene,497.01789264413515
284,demaga,demaga,497.01789264413515
285,okay,okay,497.01789264413515
286,contento,contento,497.01789264413515
287,ajá,ajá,497.01789264413515
288,vez,vez,497.01789264413515
289,bella,bella,497.01789264413515
290,días,días,497.01789264413515
291,vas,vas,497.01789264413515
292,ez,ez,497.01789264413515
293,amo,amo,497.01789264413515
294,botella',botella',497.01789264413515
295,carajo',carajo',497.01789264413515
296,olvidé,olvidé,497.01789264413515
297,este,este,497.01789264413515
298,atrevo,atrevo,497.01789264413515
299,aguante,aguante,497.01789264413515
300,valgo,valgo,497.01789264413515
301,caso,caso,497.01789264413515
302,llevo,llevo,497.01789264413515
303,bobos,bobos,497.01789264413515
304,pasar,pasar,497.01789264413515
305,socio,socio,497.01789264413515
306,frontearme,frontearme,497.01789264413515
307,cualquiera,cualquiera,497.01789264413515
308,habla,habla,497.01789264413515
309,cuánto,cuánto,497.01789264413515
310,ando,ando,497.01789264413515
311,paro,paro,497.01789264413515
312,preocupe',preocupe',497.01789264413515
313,seguramente,seguramente,497.01789264413515
314,encima,encima,497.01789264413515
315,quien,quien,497.01789264413515
316,prender,prender,497.01789264413515
317,ojalái,ojalái,331.3452617627568
318,cartera,cartera,331.3452617627568
319,movie,movie,331.3452617627568
320,disco,disco,331.3452617627568
321,nos,nos,331.3452617627568
322,forty,forty,331.3452617627568
323,tiré,tiré,331.3452617627568
324,p,p,331.3452617627568
325,be',be',331.3452617627568
326,salido,salido,331.3452617627568
327,dejen,dejen,331.3452617627568
328,sorry,sorry,331.3452617627568
329,también,también,331.3452617627568
330,espanto,espanto,331.3452617627568
331,romeo,romeo,331.3452617627568
332,muchas,muchas,331.3452617627568
333,puse,puse,331.3452617627568
334,puedo,puedo,331.3452617627568
335,plo,plo,331.3452617627568
336,viré,viré,331.3452617627568
337,ojos,ojos,331.3452617627568
338,r,r,331.3452617627568
339,estas,estas,331.3452617627568
340,ver,ver,331.3452617627568
341,busqué,busqué,331.3452617627568
342,fuera,fuera,331.3452617627568
343,quería,quería,331.3452617627568
344,pues,pues,331.3452617627568
345,bellaqueo,bellaqueo,331.3452617627568
346,comoquiera,comoquiera,331.3452617627568
347,sigo,sigo,331.3452617627568
348,mucho,mucho,331.3452617627568
349,putas,putas,331.3452617627568
350,alfa,alfa,331.3452617627568
351,par,par,331.3452617627568
352,nike,nike,331.3452617627568
353,esos,esos,331.3452617627568
354,da,da,331.3452617627568
355,má',má',331.3452617627568
356,pidan,pidan,331.3452617627568
357,quisiera,quisiera,331.3452617627568
358,darte,darte,331.3452617627568
359,soñé,soñé,331.3452617627568
360,mate,mate,331.3452617627568
361,modelo',modelo',331.3452617627568
362,tirando,tirando,331.3452617627568
363,tiempos,tiempos,331.3452617627568
364,nene,nene,331.3452617627568
365,mercedes,mercedes,331.3452617627568
366,rrr,rrr,331.3452617627568
367,queda,queda,331.3452617627568
368,crees,crees,331.3452617627568
369,canto,canto,331.3452617627568
370,tiguere,tiguere,331.3452617627568
371,beso,beso,331.3452617627568
372,manguera,manguera,331.3452617627568
373,acuerdo,acuerdo,331.3452617627568
374,fotos,fotos,331.3452617627568
375,vuelvo,vuelvo,331.3452617627568
376,pendeja,pendeja,331.3452617627568
377,dame,dame,331.3452617627568
378,high,high,331.3452617627568
379,cuatro,cuatro,331.3452617627568
380,nuestro,nuestro,331.3452617627568
381,mai',mai',331.3452617627568
382,tienes,tienes,331.3452617627568
383,traté,traté,331.3452617627568
384,dónde,dónde,331.3452617627568
385,vuelven,vuelven,331.3452617627568
386,gustó,gustó,331.3452617627568
387,chavo',chavo',331.3452617627568
388,tanto,tanto,331.3452617627568
389,vivo,vivo,331.3452617627568
390,cae,cae,331.3452617627568
391,haga',haga',331.3452617627568
392,algo,algo,331.3452617627568
393,mé,mé,331.3452617627568
394,otro,otro,331.3452617627568
395,será,será,331.3452617627568
396,perreabas,perreabas,331.3452617627568
397,primero,primero,331.3452617627568
398,wichy,wichy,331.3452617627568
399,quiere',quiere',331.3452617627568
400,cago,cago,331.3452617627568
401,casa,casa,331.3452617627568
402,él,él,331.3452617627568
403,dando,dando,331.3452617627568
404,perriaba,perriaba,331.3452617627568
405,cara,cara,331.3452617627568
406,forma,forma,331.3452617627568
407,suelta,suelta,331.3452617627568
408,mis,mis,331.3452617627568
409,corazón,corazón,331.3452617627568
410,dueño,dueño,331.3452617627568
411,confiar,confiar,331.3452617627568
412,are,are,331.3452617627568
413,acá,acá,331.3452617627568
414,prrr,prrr,331.3452617627568
415,am,am,331.3452617627568
416,fuiste,fuiste,331.3452617627568
417,dejas,dejas,331.3452617627568
418,down,down,331.3452617627568
419,les,les,331.3452617627568
420,pasé,pasé,331.3452617627568
421,wu,wu,331.3452617627568
422,entero,entero,331.3452617627568
423,dice,dice,331.3452617627568
424,buscar,buscar,331.3452617627568
425,escuchando,escuchando,331.3452617627568
426,vo',vo',331.3452617627568
427,dale,dale,331.3452617627568
428,gasto,gasto,331.3452617627568
429,la'o,la'o,331.3452617627568
430,nuevo,nuevo,331.3452617627568
431,su,su,331.3452617627568
432,sabes,sabes,331.3452617627568
433,llamó,llamó,331.3452617627568
434,mentir,mentir,331.3452617627568
435,colección,colección,331.3452617627568
436,conexión,conexión,331.3452617627568
437,rrrrr,rrrrr,331.3452617627568
438,rrrrrrah,rrrrrrah,331.3452617627568
439,gracias,gracias,331.3452617627568
440,creo,creo,331.3452617627568
441,haces,haces,331.3452617627568
442,mo,mo,331.3452617627568
443,visto,visto,331.3452617627568
444,camino,camino,331.3452617627568
445,ves,ves,331.3452617627568
446,tuya,tuya,331.3452617627568
447,lejos,lejos,331.3452617627568
448,t,t,331.3452617627568
449,nota,nota,331.3452617627568
450,ese,ese,331.3452617627568
451,gata,gata,331.3452617627568
452,eso',eso',331.3452617627568
453,bebo,bebo,331.3452617627568
454,tiempo',tiempo',331.3452617627568
455,conmigo,conmigo,331.3452617627568
456,momentos,momentos,331.3452617627568
457,cojo,cojo,331.3452617627568
458,leyenda,leyenda,331.3452617627568
459,preguntan,preguntan,331.3452617627568
460,ju,ju,331.3452617627568
461,ve',ve',331.3452617627568
462,sandunguera,sandunguera,331.3452617627568
463,whole,whole,331.3452617627568
464,world,world,331.3452617627568
465,knows,knows,331.3452617627568
466,nigga,nigga,331.3452617627568
467,motherfucker,motherfucker,331.3452617627568
468,ask,ask,331.3452617627568
469,boca,boca,331.3452617627568
470,sientas,sientas,331.3452617627568
471,around,around,331.3452617627568
472,deja,deja,331.3452617627568
473,mañana,mañana,331.3452617627568
474,prendí'a,prendí'a,331.3452617627568
475,rrrah,rrrah,331.3452617627568
476,on,on,331.3452617627568
477,tranquila,tranquila,165.6726308813784
478,portas,portas,165.6726308813784
479,vera',vera',165.6726308813784
480,pasto,pasto,165.6726308813784
481,tiro',tiro',165.6726308813784
482,galla,galla,165.6726308813784
483,dan,dan,165.6726308813784
484,palo',palo',165.6726308813784
485,quite,quite,165.6726308813784
486,venden,venden,165.6726308813784
487,demagogo',demagogo',165.6726308813784
488,uff,uff,165.6726308813784
489,follow,follow,165.6726308813784
490,tetera,tetera,165.6726308813784
491,chavo,chavo,165.6726308813784
492,'el,'el,165.6726308813784
493,dura,dura,165.6726308813784
494,mujeres,mujeres,165.6726308813784
495,alante,alante,165.6726308813784
496,tienda,tienda,165.6726308813784
497,quiere,quiere,165.6726308813784
498,jeva,jeva,165.6726308813784
499,falla,falla,165.6726308813784
500,estrellas,estrellas,165.6726308813784
501,de'o,de'o,165.6726308813784
502,paseo,paseo,165.6726308813784
503,lenguaje,lenguaje,165.6726308813784
504,tire,tire,165.6726308813784
505,lamen,lamen,165.6726308813784
506,feo,feo,165.6726308813784
507,paleta,paleta,165.6726308813784
508,pega'os,pega'os,165.6726308813784
509,chica,chica,165.6726308813784
510,quedá',quedá',165.6726308813784
511,condones,condones,165.6726308813784
512,atrá',atrá',165.6726308813784
513,doce,doce,165.6726308813784
514,quito,quito,165.6726308813784
515,manín,manín,165.6726308813784
516,singapur,singapur,165.6726308813784
517,retirá',retirá',165.6726308813784
518,floja,floja,165.6726308813784
519,wey,wey,165.6726308813784
520,vienen,vienen,165.6726308813784
521,romana,romana,165.6726308813784
522,diego',diego',165.6726308813784
523,dubai,dubai,165.6726308813784
524,bandida,bandida,165.6726308813784
525,novio,novio,165.6726308813784
526,barbie,barbie,165.6726308813784
527,novela,novela,165.6726308813784
528,dispara,dispara,165.6726308813784
529,trae',trae',165.6726308813784
530,llegue,llegue,165.6726308813784
531,brega,brega,165.6726308813784
532,bobo,bobo,165.6726308813784
533,logo,logo,165.6726308813784
534,andas,andas,165.6726308813784
535,replay,replay,165.6726308813784
536,batey,batey,165.6726308813784
537,desnu'itos,desnu'itos,165.6726308813784
538,bulls,bulls,165.6726308813784
539,ma'i,ma'i,165.6726308813784
540,sea',sea',165.6726308813784
541,rulay,rulay,165.6726308813784
542,cosieron,cosieron,165.6726308813784
543,piso,piso,165.6726308813784
544,cuida'o,cuida'o,165.6726308813784
545,subo,subo,165.6726308813784
546,desespera',desespera',165.6726308813784
547,arriba,arriba,165.6726308813784
548,hacías,hacías,165.6726308813784
549,día',día',165.6726308813784
550,detrás,detrás,165.6726308813784
551,meterlo,meterlo,165.6726308813784
552,descendencia,descendencia,165.6726308813784
553,movimiento,movimiento,165.6726308813784
554,competencia,competencia,165.6726308813784
555,comprá',comprá',165.6726308813784
556,compare',compare',165.6726308813784
557,puesto,puesto,165.6726308813784
558,quiten,quiten,165.6726308813784
559,delante,delante,165.6726308813784
560,aca,aca,165.6726308813784
561,perreando,perreando,165.6726308813784
562,olvida,olvida,165.6726308813784
563,miller,miller,165.6726308813784
564,coachella,coachella,165.6726308813784
565,guante,guante,165.6726308813784
566,reggie,reggie,165.6726308813784
567,gangster,gangster,165.6726308813784
568,hookero,hookero,165.6726308813784
569,len,len,165.6726308813784
570,cogen,cogen,165.6726308813784
571,amigos,amigos,165.6726308813784
572,queme',queme',165.6726308813784
573,crié,crié,165.6726308813784
574,escuché,escuché,165.6726308813784
575,vi,vi,165.6726308813784
576,hace,hace,165.6726308813784
577,seguro,seguro,165.6726308813784
578,desvié,desvié,165.6726308813784
579,propósito,propósito,165.6726308813784
580,diré,diré,165.6726308813784
581,hoyo,hoyo,165.6726308813784
582,empecé,empecé,165.6726308813784
583,llueve,llueve,165.6726308813784
584,ea,ea,165.6726308813784
585,diablo,diablo,165.6726308813784
586,aguacero,aguacero,165.6726308813784
587,cuenta,cuenta,165.6726308813784
588,cero',cero',165.6726308813784
589,empezamo',empezamo',165.6726308813784
590,cero,cero,165.6726308813784
591,grosero,grosero,165.6726308813784
592,sincero,sincero,165.6726308813784
593,muero,muero,165.6726308813784
594,acostumbra'o,acostumbra'o,165.6726308813784
595,estar,estar,165.6726308813784
596,cielo,cielo,165.6726308813784
597,privado,privado,165.6726308813784
598,vuelo,vuelo,165.6726308813784
599,crecí,crecí,165.6726308813784
600,miedo,miedo,165.6726308813784
601,hielo,hielo,165.6726308813784
602,guardar,guardar,165.6726308813784
603,disparo,disparo,165.6726308813784
604,tuvo,tuvo,165.6726308813784
605,razón,razón,165.6726308813784
606,buenas,buenas,165.6726308813784
607,muchos,muchos,165.6726308813784
608,malas,malas,165.6726308813784
609,pocos,pocos,165.6726308813784
610,confundí,confundí,165.6726308813784
611,brújula,brújula,165.6726308813784
612,reloj,reloj,165.6726308813784
613,caminé,caminé,165.6726308813784
614,hacia,hacia,165.6726308813784
615,fecha,fecha,165.6726308813784
616,equivocada,equivocada,165.6726308813784
617,encontrarme,encontrarme,165.6726308813784
618,parece,parece,165.6726308813784
619,horóscopo,horóscopo,165.6726308813784
620,astros,astros,165.6726308813784
621,lágrimas,lágrimas,165.6726308813784
622,dejan,dejan,165.6726308813784
623,huella,huella,165.6726308813784
624,rastro,rastro,165.6726308813784
625,espaldar,espaldar,165.6726308813784
626,ángel,ángel,165.6726308813784
627,guarda,guarda,165.6726308813784
628,cuello,cuello,165.6726308813784
629,pelo,pelo,165.6726308813784
630,confío,confío,165.6726308813784
631,caminar,caminar,165.6726308813784
632,respirar,respirar,165.6726308813784
633,espiral,espiral,165.6726308813784
634,tirarnos,tirarnos,165.6726308813784
635,hagan,hagan,165.6726308813784
636,viral,viral,165.6726308813784
637,concentran,concentran,165.6726308813784
638,adderall,adderall,165.6726308813784
639,sube,sube,165.6726308813784
640,overall,overall,165.6726308813784
641,toco,toco,165.6726308813784
642,girar,girar,165.6726308813784
643,nosotros,nosotros,165.6726308813784
644,muerte,muerte,165.6726308813784
645,separar,separar,165.6726308813784
646,wah,wah,165.6726308813784
647,diles,diles,165.6726308813784
648,tirarte,tirarte,165.6726308813784
649,tocarte,tocarte,165.6726308813784
650,santo',santo',165.6726308813784
651,santo,santo,165.6726308813784
652,buh,buh,165.6726308813784
653,yerno,yerno,165.6726308813784
654,favorito,favorito,165.6726308813784
655,capo,capo,165.6726308813784
656,jordans,jordans,165.6726308813784
657,mío,mío,165.6726308813784
658,fan,fan,165.6726308813784
659,mucha',mucha',165.6726308813784
660,odien,odien,165.6726308813784
661,puta',puta',165.6726308813784
662,algarete,algarete,165.6726308813784
663,graduando,graduando,165.6726308813784
664,birrete,birrete,165.6726308813784
665,narco,narco,165.6726308813784
666,contando,contando,165.6726308813784
667,billete',billete',165.6726308813784
668,recogiendo,recogiendo,165.6726308813784
669,boquete,boquete,165.6726308813784
670,logra'o,logra'o,165.6726308813784
671,mete,mete,165.6726308813784
672,esperas,esperas,165.6726308813784
673,alguien,alguien,165.6726308813784
674,llega'o,llega'o,165.6726308813784
675,luz,luz,165.6726308813784
676,salud,salud,165.6726308813784
677,amén,amén,165.6726308813784
678,repetición,repetición,165.6726308813784
679,eche,eche,165.6726308813784
680,bendición,bendición,165.6726308813784
681,tener,tener,165.6726308813784
682,malo,malo,165.6726308813784
683,pendiente',pendiente',165.6726308813784
684,woo,woo,165.6726308813784
685,puesta,puesta,165.6726308813784
686,faro',faro',165.6726308813784
687,dejarme,dejarme,165.6726308813784
688,adn,adn,165.6726308813784
689,brru,brru,165.6726308813784
690,tienen,tienen,165.6726308813784
691,cuarto',cuarto',165.6726308813784
692,'tán,'tán,165.6726308813784
693,olla,olla,165.6726308813784
694,mándame,mándame,165.6726308813784
695,location,location,165.6726308813784
696,mandar,mandar,165.6726308813784
697,dembows,dembows,165.6726308813784
698,uber,uber,165.6726308813784
699,pegue',pegue',165.6726308813784
700,good,good,165.6726308813784
701,jefev,jefev,165.6726308813784
702,planta,planta,165.6726308813784
703,bestia,bestia,165.6726308813784
704,best,best,165.6726308813784
705,chabe',chabe',165.6726308813784
706,reir,reir,165.6726308813784
707,buenos,buenos,165.6726308813784
708,aquellos,aquellos,165.6726308813784
709,recuerdos,recuerdos,165.6726308813784
710,muy,muy,165.6726308813784
711,bellos,bellos,165.6726308813784
712,montaste,montaste,165.6726308813784
713,cambiaste,cambiaste,165.6726308813784
714,estación,estación,165.6726308813784
715,yao',yao',165.6726308813784
716,gu,gu,165.6726308813784
717,ponme,ponme,165.6726308813784
718,go,go,165.6726308813784
719,menciona,menciona,165.6726308813784
720,menos,menos,165.6726308813784
721,viene,viene,165.6726308813784
722,grr,grr,165.6726308813784
723,aplasto,aplasto,165.6726308813784
724,quedan,quedan,165.6726308813784
725,pompeya,pompeya,165.6726308813784
726,lava,lava,165.6726308813784
727,estás,estás,165.6726308813784
728,nueva,nueva,165.6726308813784
729,estrella,estrella,165.6726308813784
730,traigan,traigan,165.6726308813784
731,esas,esas,165.6726308813784
732,puta,puta,165.6726308813784
733,felicidá',felicidá',165.6726308813784
734,shh,shh,165.6726308813784
735,calla'o,calla'o,165.6726308813784
736,damos,damos,165.6726308813784
737,detalle',detalle',165.6726308813784
738,guaye,guaye,165.6726308813784
739,indica,indica,165.6726308813784
740,lú',lú',165.6726308813784
741,lu',lu',165.6726308813784
742,ge,ge,165.6726308813784
743,gi,gi,165.6726308813784
744,reggaetón,reggaetón,165.6726308813784
745,canción,canción,165.6726308813784
746,algaro,algaro,165.6726308813784
747,estampitas,estampitas,165.6726308813784
748,cartita,cartita,165.6726308813784
749,curita,curita,165.6726308813784
750,peleas,peleas,165.6726308813784
751,boxeo,boxeo,165.6726308813784
752,party's,party's,165.6726308813784
753,jugar,jugar,165.6726308813784
754,tazo',tazo',165.6726308813784
755,beso',beso',165.6726308813784
756,abrazo',abrazo',165.6726308813784
757,vira,vira,165.6726308813784
758,miras,miras,165.6726308813784
759,canciones,canciones,165.6726308813784
760,shakira,shakira,165.6726308813784
761,reír,reír,165.6726308813784
762,coordenadas,coordenadas,165.6726308813784
763,destino,destino,165.6726308813784
764,dañó,dañó,165.6726308813784
765,gps,gps,165.6726308813784
766,mitad,mitad,165.6726308813784
767,raptaron,raptaron,165.6726308813784
768,perdido,perdido,165.6726308813784
769,varios,varios,165.6726308813784
770,hablo,hablo,165.6726308813784
771,navegar,navegar,165.6726308813784
772,oscuridad,oscuridad,165.6726308813784
773,escribí,escribí,165.6726308813784
774,álbum,álbum,165.6726308813784
775,digas,digas,165.6726308813784
776,llené,llené,165.6726308813784
777,pidas,pidas,165.6726308813784
778,complacía,complacía,165.6726308813784
779,complacía',complacía',165.6726308813784
780,cuarto,cuarto,165.6726308813784
781,prendiendo,prendiendo,165.6726308813784
782,quedaron,quedaron,165.6726308813784
783,borré,borré,165.6726308813784
784,netflix,netflix,165.6726308813784
785,blockbuster,blockbuster,165.6726308813784
786,alquilé,alquilé,165.6726308813784
787,hablé,hablé,165.6726308813784
788,messenger,messenger,165.6726308813784
789,myspace,myspace,165.6726308813784
790,simpsons,simpsons,165.6726308813784
791,seis,seis,165.6726308813784
792,saqué,saqué,165.6726308813784
793,cajón,cajón,165.6726308813784
794,pisando,pisando,165.6726308813784
795,mahón,mahón,165.6726308813784
796,gold,gold,165.6726308813784
797,game,game,165.6726308813784
798,boy,boy,165.6726308813784
799,cambia,cambia,165.6726308813784
800,sigue,sigue,165.6726308813784
801,siendo,siendo,165.6726308813784
802,jangueo,jangueo,165.6726308813784
803,bregadera,bregadera,165.6726308813784
804,bajita,bajita,165.6726308813784
805,muchedumbre,muchedumbre,165.6726308813784
806,completo,completo,165.6726308813784
807,familia,familia,165.6726308813784
808,costal,costal,165.6726308813784
809,hijo',hijo',165.6726308813784
810,acucucu,acucucu,165.6726308813784
811,tuve,tuve,165.6726308813784
812,abortar,abortar,165.6726308813784
813,soltar,soltar,165.6726308813784
814,but,but,165.6726308813784
815,even,even,165.6726308813784
816,i'm,i'm,165.6726308813784
817,one,one,165.6726308813784
818,fuck,fuck,165.6726308813784
819,is,is,165.6726308813784
820,decía,decía,165.6726308813784
821,acabaron,acabaron,165.6726308813784
822,durant,durant,165.6726308813784
823,pal',pal',165.6726308813784
824,aro,aro,165.6726308813784
825,fueran,fueran,165.6726308813784
826,disparo',disparo',165.6726308813784
827,regla',regla',165.6726308813784
828,rompo',rompo',165.6726308813784
829,reparo,reparo,165.6726308813784
830,culo,culo,165.6726308813784
831,peso,peso,165.6726308813784
832,calderón,calderón,165.6726308813784
833,iván,iván,165.6726308813784
834,chile,chile,165.6726308813784
835,bicho,bicho,165.6726308813784
836,cabrón,cabrón,165.6726308813784
837,pagas,pagas,165.6726308813784
838,biles,biles,165.6726308813784
839,mile',mile',165.6726308813784
840,palo,palo,165.6726308813784
841,files',files',165.6726308813784
842,robando,robando,165.6726308813784
843,macy's,macy's,165.6726308813784
844,desfile,desfile,165.6726308813784
845,uruguaya,uruguaya,165.6726308813784
846,tira,tira,165.6726308813784
847,envidia,envidia,165.6726308813784
848,cabrone',cabrone',165.6726308813784
849,entiendan,entiendan,165.6726308813784
850,metío',metío',165.6726308813784
851,gira,gira,165.6726308813784
852,jaja,jaja,165.6726308813784
853,toretto,toretto,165.6726308813784
854,fum,fum,165.6726308813784
855,duro,duro,165.6726308813784
856,reto,reto,165.6726308813784
857,imán,imán,165.6726308813784
858,magneto,magneto,165.6726308813784
859,guaro,guaro,165.6726308813784
860,preguntaron,preguntaron,165.6726308813784
861,vive,vive,165.6726308813784
862,gusta'o,gusta'o,165.6726308813784
863,carajos,carajos,165.6726308813784
864,cuerdas,cuerdas,165.6726308813784
865,pichea,pichea,165.6726308813784
866,cuál,cuál,165.6726308813784
867,delito,delito,165.6726308813784
868,angelito,angelito,165.6726308813784
869,apuesto,apuesto,165.6726308813784
870,caído,caído,165.6726308813784
871,primo,primo,165.6726308813784
872,gay,gay,165.6726308813784
873,omar,omar,165.6726308813784
874,show,show,165.6726308813784
875,ma',ma',165.6726308813784
876,dijiste,dijiste,165.6726308813784
877,envió,envió,165.6726308813784
878,mensaje,mensaje,165.6726308813784
879,diez,diez,165.6726308813784
880,punto,punto,165.6726308813784
881,salgo,salgo,165.6726308813784
882,costumbre,costumbre,165.6726308813784
883,prendas,prendas,165.6726308813784
884,diamantes,diamantes,165.6726308813784
885,cieguen,cieguen,165.6726308813784
886,alumbre,alumbre,165.6726308813784
887,benito,benito,165.6726308813784
888,di,di,165.6726308813784
889,criticar,criticar,165.6726308813784
890,salsa,salsa,165.6726308813784
891,dar,dar,165.6726308813784
892,ejemplo,ejemplo,165.6726308813784
893,jodí'a,jodí'a,165.6726308813784
894,manía,manía,165.6726308813784
895,suponía,suponía,165.6726308813784
896,dé,dé,165.6726308813784
897,pulmonía,pulmonía,165.6726308813784
898,aquel,aquel,165.6726308813784
899,encojonó,encojonó,165.6726308813784
900,contesté,contesté,165.6726308813784
901,usté',usté',165.6726308813784
902,ballet,ballet,165.6726308813784
903,wait,wait,165.6726308813784
904,máquina,máquina,165.6726308813784
905,valet,valet,165.6726308813784
906,miré,miré,165.6726308813784
907,respiré,respiré,165.6726308813784
908,bueno,bueno,165.6726308813784
909,amigas,amigas,165.6726308813784
910,nuevas,nuevas,165.6726308813784
911,además,además,165.6726308813784
912,atreva,atreva,165.6726308813784
913,rola,rola,165.6726308813784
914,beba,beba,165.6726308813784
915,huele,huele,165.6726308813784
916,velero,velero,165.6726308813784
917,adentro,adentro,165.6726308813784
918,vestir,vestir,165.6726308813784
919,arreglarlo,arreglarlo,165.6726308813784
920,totos,totos,165.6726308813784
921,chavos,chavos,165.6726308813784
922,grabo,grabo,165.6726308813784
923,abogado,abogado,165.6726308813784
924,prende,prende,165.6726308813784
925,radio,radio,165.6726308813784
926,recado,recado,165.6726308813784
927,salir,salir,165.6726308813784
928,esperar,esperar,165.6726308813784
929,termines,termines,165.6726308813784
930,maldad,maldad,165.6726308813784
931,perdida,perdida,165.6726308813784
932,divertir,divertir,165.6726308813784
933,acabo,acabo,165.6726308813784
934,partir,partir,165.6726308813784
935,miky,miky,165.6726308813784
936,uno,uno,165.6726308813784
937,entre,entre,165.6726308813784
938,perdón,perdón,165.6726308813784
939,reconciliación,reconciliación,165.6726308813784
940,toca,toca,165.6726308813784
941,llorar,llorar,165.6726308813784
942,habitación,habitación,165.6726308813784
943,puedes,puedes,165.6726308813784
944,sola,sola,165.6726308813784
945,forzo,forzo,165.6726308813784
946,guerra,guerra,165.6726308813784
947,na,na,165.6726308813784
948,romper,romper,165.6726308813784
949,janguear,janguear,165.6726308813784
950,errores,errores,165.6726308813784
951,veces,veces,165.6726308813784
952,noches,noches,165.6726308813784
953,martirio,martirio,165.6726308813784
954,amor,amor,165.6726308813784
955,volvió,volvió,165.6726308813784
956,delirio,delirio,165.6726308813784
957,alma,alma,165.6726308813784
958,terreno,terreno,165.6726308813784
959,meta,meta,165.6726308813784
960,sirio,sirio,165.6726308813784
961,botellas,botellas,165.6726308813784
962,vino,vino,165.6726308813784
963,terminan,terminan,165.6726308813784
964,vidrios,vidrios,165.6726308813784
965,puteando,puteando,165.6726308813784
966,verdad,verdad,165.6726308813784
967,envidio,envidio,165.6726308813784
968,extrañarme,extrañarme,165.6726308813784
969,abras,abras,165.6726308813784
970,tengas,tengas,165.6726308813784
971,llamada,llamada,165.6726308813784
972,fluya,fluya,165.6726308813784
973,timbalero,timbalero,165.6726308813784
974,cabrones,cabrones,165.6726308813784
975,cualquier,cualquier,165.6726308813784
976,hora,hora,165.6726308813784
977,denny's,denny's,165.6726308813784
978,tocar,tocar,165.6726308813784
979,flauta,flauta,165.6726308813784
980,kenny,kenny,165.6726308813784
981,relevo,relevo,165.6726308813784
982,aqui,aqui,165.6726308813784
983,culos,culos,165.6726308813784
984,quemen,quemen,165.6726308813784
985,ola,ola,165.6726308813784
986,remen,remen,165.6726308813784
987,jcpenney,jcpenney,165.6726308813784
988,goddamnit,goddamnit,165.6726308813784
989,po',po',165.6726308813784
990,white,white,165.6726308813784
991,cement,cement,165.6726308813784
992,blanco,blanco,165.6726308813784
993,santero,santero,165.6726308813784
994,doñas,doñas,165.6726308813784
995,cantara,cantara,165.6726308813784
996,bolero,bolero,165.6726308813784
997,rumba,rumba,165.6726308813784
998,buena,buena,165.6726308813784
999,buceo,buceo,165.6726308813784
1000,tan,tan,165.6726308813784
1001,pasas,pasas,165.6726308813784
1002,beachy,beachy,165.6726308813784
1003,redes,redes,165.6726308813784
1004,tirándome,tirándome,165.6726308813784
1005,puya',puya',165.6726308813784
1006,pueden,pueden,165.6726308813784
1007,suya,suya,165.6726308813784
1008,tempranito,tempranito,165.6726308813784
1009,mornin',mornin',165.6726308813784
1010,pollitos,pollitos,165.6726308813784
1011,marihuana,marihuana,165.6726308813784
1012,join,join,165.6726308813784
1013,llegamos,llegamos,165.6726308813784
1014,'tás,'tás,165.6726308813784
1015,baño,baño,165.6726308813784
1016,culona,culona,165.6726308813784
1017,rikishi,rikishi,165.6726308813784
1018,falta,falta,165.6726308813784
1019,ray,ray,165.6726308813784
1020,richie,richie,165.6726308813784
1021,nena,nena,165.6726308813784
1022,salió,salió,165.6726308813784
1023,bitchy,bitchy,165.6726308813784
1024,ja',ja',165.6726308813784
1025,chichi,chichi,165.6726308813784
1026,traje,traje,165.6726308813784
1027,diferencio,diferencio,165.6726308813784
1028,estilo,estilo,165.6726308813784
1029,meno',meno',165.6726308813784
1030,acostumbre',acostumbre',165.6726308813784
1031,joder,joder,165.6726308813784
1032,foto,foto,165.6726308813784
1033,guarda',guarda',165.6726308813784
1034,bailando,bailando,165.6726308813784
1035,éramo',éramo',165.6726308813784
1036,menore',menore',165.6726308813784
1037,edad,edad,165.6726308813784
1038,verda',verda',165.6726308813784
1039,extraño,extraño,165.6726308813784
1040,navidad,navidad,165.6726308813784
1041,polvo',polvo',165.6726308813784
1042,parte,parte,165.6726308813784
1043,posterior,posterior,165.6726308813784
1044,carro,carro,165.6726308813784
1045,superior,superior,165.6726308813784
1046,dejaba,dejaba,165.6726308813784
1047,ropa,ropa,165.6726308813784
1048,interior,interior,165.6726308813784
1049,polvo,polvo,165.6726308813784
1050,anterior,anterior,165.6726308813784
1051,borrar,borrar,165.6726308813784
1052,paso,paso,165.6726308813784
1053,putero,putero,165.6726308813784
1054,persona,persona,165.6726308813784
1055,podido,podido,165.6726308813784
1056,espero,espero,165.6726308813784
1057,tiempo,tiempo,165.6726308813784
1058,fueron,fueron,165.6726308813784
1059,chorro,chorro,165.6726308813784
1060,ir,ir,165.6726308813784
1061,tírala,tírala,165.6726308813784
1062,dentro,dentro,165.6726308813784
1063,caco,caco,165.6726308813784
1064,naco,naco,165.6726308813784
1065,chamaquito,chamaquito,165.6726308813784
1066,capeaba,capeaba,165.6726308813784
1067,polaco,polaco,165.6726308813784
1068,bellaco,bellaco,165.6726308813784
1069,critican,critican,165.6726308813784
1070,mueran,mueran,165.6726308813784
1071,hijo,hijo,165.6726308813784
1072,pensamientos,pensamientos,165.6726308813784
1073,resuelvan,resuelvan,165.6726308813784
1074,sus,sus,165.6726308813784
1075,asuntos,asuntos,165.6726308813784
1076,cierran,cierran,165.6726308813784
1077,escuelas,escuelas,165.6726308813784
1078,abren,abren,165.6726308813784
1079,puntos,puntos,165.6726308813784
1080,entonces,entonces,165.6726308813784
1081,beat,beat,165.6726308813784
1082,besando,besando,165.6726308813784
1083,olvidaron,olvidaron,165.6726308813784
1084,trata'o,trata'o,165.6726308813784
1085,ninguna,ninguna,165.6726308813784
1086,trastorna'o,trastorna'o,165.6726308813784
1087,recetario,recetario,165.6726308813784
1088,quiera',quiera',165.6726308813784
1089,facebook,facebook,165.6726308813784
1090,echa,echa,165.6726308813784
1091,allá,allá,165.6726308813784
1092,eche',eche',165.6726308813784
1093,brazo,brazo,165.6726308813784
1094,arranca,arranca,165.6726308813784
1095,travesura,travesura,165.6726308813784
1096,pata',pata',165.6726308813784
1097,vacilar,vacilar,165.6726308813784
1098,atajo,atajo,165.6726308813784
1099,pana,pana,165.6726308813784
1100,atraso,atraso,165.6726308813784
1101,trajo,trajo,165.6726308813784
1102,caer,caer,165.6726308813784
1103,enrola,enrola,165.6726308813784
1104,cojone',cojone',165.6726308813784
1105,tocó,tocó,165.6726308813784
1106,perder,perder,165.6726308813784
1107,vio,vio,165.6726308813784
1108,mordió,mordió,165.6726308813784
1109,dio,dio,165.6726308813784
1110,parió,parió,165.6726308813784
1111,dio',dio',165.6726308813784
1112,pon,pon,165.6726308813784
1113,pesco,pesco,165.6726308813784
1114,masterpiece,masterpiece,165.6726308813784
1115,decidió,decidió,165.6726308813784
1116,piel,piel,165.6726308813784
1117,deuces,deuces,165.6726308813784
1118,ñengo,ñengo,165.6726308813784
1119,chris,chris,165.6726308813784
1120,brown,brown,165.6726308813784
1121,cerebro,cerebro,165.6726308813784
1122,vuelta',vuelta',165.6726308813784
1123,marea'o,marea'o,165.6726308813784
1124,cual,cual,165.6726308813784
1125,murió,murió,165.6726308813784
1126,dolió,dolió,165.6726308813784
1127,jodió,jodió,165.6726308813784
1128,agua,agua,165.6726308813784
1129,paz,paz,165.6726308813784
1130,descanse,descanse,165.6726308813784
1131,nosotro',nosotro',165.6726308813784
1132,rompiste,rompiste,165.6726308813784
1133,roto,roto,165.6726308813784
1134,alzando,alzando,165.6726308813784
1135,velorio,velorio,165.6726308813784
1136,amanezco,amanezco,165.6726308813784
1137,quisiste,quisiste,165.6726308813784
1138,agradezco,agradezco,165.6726308813784
1139,pertenezco,pertenezco,165.6726308813784
1140,caserío,caserío,165.6726308813784
1141,mando,mando,165.6726308813784
1142,pasa,pasa,165.6726308813784
1143,real,real,165.6726308813784
1144,louis,louis,165.6726308813784
1145,vuitton,vuitton,165.6726308813784
1146,uso,uso,165.6726308813784
1147,retro,retro,165.6726308813784
1148,to'a,to'a,165.6726308813784
1149,khalifa,khalifa,165.6726308813784
1150,kush,kush,165.6726308813784
1151,avenue,avenue,165.6726308813784
1152,beach,beach,165.6726308813784
1153,dirección,dirección,165.6726308813784
1154,superficial,superficial,165.6726308813784
1155,pueda,pueda,165.6726308813784
1156,gucci,gucci,165.6726308813784
1157,comprar,comprar,165.6726308813784
1158,penthouse,penthouse,165.6726308813784
1159,vista,vista,165.6726308813784
1160,mar,mar,165.6726308813784
1161,único,único,165.6726308813784
1162,poder,poder,165.6726308813784
1163,supuestamente,supuestamente,165.6726308813784
1164,mudé,mudé,165.6726308813784
1165,anoche,anoche,165.6726308813784
1166,saludé,saludé,165.6726308813784
1167,tratando,tratando,165.6726308813784
1168,ferra',ferra',165.6726308813784
1169,español,español,165.6726308813784
1170,cicatrices,cicatrices,165.6726308813784
1171,dos,dos,165.6726308813784
1172,irme,irme,165.6726308813784
1173,maserati,maserati,165.6726308813784
1174,modelos,modelos,165.6726308813784
1175,extranjeras,extranjeras,165.6726308813784
1176,cel,cel,165.6726308813784
1177,locas,locas,165.6726308813784
1178,coger,coger,165.6726308813784
1179,champaña,champaña,165.6726308813784
1180,rubia,rubia,165.6726308813784
1181,baña,baña,165.6726308813784
1182,viaje,viaje,165.6726308813784
1183,hora',hora',165.6726308813784
1184,hablándome,hablándome,165.6726308813784
1185,extraña,extraña,165.6726308813784
1186,dicho,dicho,165.6726308813784
1187,acompaña,acompaña,165.6726308813784
1188,fazza,fazza,165.6726308813784
1189,ciudad,ciudad,165.6726308813784
1190,tiendas,tiendas,165.6726308813784
1191,mall,mall,165.6726308813784
1192,cristiano,cristiano,165.6726308813784
1193,meter,meter,165.6726308813784
1194,gol,gol,165.6726308813784
1195,francesas,francesas,165.6726308813784
1196,sellar,sellar,165.6726308813784
1197,estado,estado,165.6726308813784
1198,nevera,nevera,165.6726308813784
1199,jodedera,jodedera,165.6726308813784
1200,segundo,segundo,165.6726308813784
1201,bombero,bombero,165.6726308813784
1202,gorras,gorras,165.6726308813784
1203,pitbull,pitbull,165.6726308813784
1204,bm,bm,165.6726308813784
1205,cotorra,cotorra,165.6726308813784
1206,polaris,polaris,165.6726308813784
1207,dejar,dejar,165.6726308813784
1208,corra,corra,165.6726308813784
1209,tatuaje,tatuaje,165.6726308813784
1210,borra,borra,165.6726308813784
1211,entendí,entendí,165.6726308813784
1212,pelotero,pelotero,165.6726308813784
1213,esa,esa,165.6726308813784
1214,era,era,165.6726308813784
1215,somo',somo',165.6726308813784
1216,millo',millo',165.6726308813784
1217,disquera,disquera,165.6726308813784
1218,ferrari,ferrari,165.6726308813784
1219,lambo',lambo',165.6726308813784
1220,panamera,panamera,165.6726308813784
1221,compro,compro,165.6726308813784
1222,manera,manera,165.6726308813784
1223,respeto,respeto,165.6726308813784
1224,maestra,maestra,165.6726308813784
1225,ingeniero,ingeniero,165.6726308813784
1226,actrices,actrices,165.6726308813784
1227,vacía,vacía,165.6726308813784
1228,garage,garage,165.6726308813784
1229,bentley,bentley,165.6726308813784
1230,querías,querías,165.6726308813784
1231,monto,monto,165.6726308813784
1232,imaginando,imaginando,165.6726308813784
1233,guías,guías,165.6726308813784
1234,cansan,cansan,165.6726308813784
1235,threesome',threesome',165.6726308813784
1236,orgías,orgías,165.6726308813784
1237,cansa,cansa,165.6726308813784
1238,siga,siga,165.6726308813784
1239,recuerdo,recuerdo,165.6726308813784
1240,solo,solo,165.6726308813784
1241,cambiaba,cambiaba,165.6726308813784
1242,perdía,perdía,165.6726308813784
1243,rico,rico,165.6726308813784
1244,rolex,rolex,165.6726308813784
1245,brilla,brilla,165.6726308813784
1246,sonrisa,sonrisa,165.6726308813784
1247,gusta,gusta,165.6726308813784
1248,compartir,compartir,165.6726308813784
1249,frisa,frisa,165.6726308813784
1250,piensas,piensas,165.6726308813784
1251,avisa',avisa',165.6726308813784
1252,recordar,recordar,165.6726308813784
